{
  "metadata": {
    "name": "RSA-260-Factorization-Constraints",
    "timestamp": "2025-11-10T17:16:20.825Z"
  },
  "modular_constraints": {
    "lowest_digit": 17,
    "valid_pairs": 32,
    "reduction_factor": 0.003472222222222222
  },
  "structural_constraints": {
    "p_expected_bits": 449,
    "q_expected_bits": 450,
    "p_expected_digits": 69,
    "q_expected_digits": 69
  },
  "statistical_constraints": {
    "entropy": 6.007540503007242,
    "avg_orbit_distance": 6.48,
    "avg_complexity": 24.41
  },
  "prime_residue_pairs": [
    [
      1,
      17
    ],
    [
      5,
      61
    ],
    [
      7,
      71
    ],
    [
      11,
      19
    ],
    [
      13,
      53
    ],
    [
      17,
      1
    ],
    [
      19,
      11
    ],
    [
      23,
      55
    ],
    [
      25,
      89
    ],
    [
      29,
      37
    ],
    [
      31,
      47
    ],
    [
      35,
      91
    ],
    [
      37,
      29
    ],
    [
      41,
      73
    ],
    [
      43,
      83
    ],
    [
      47,
      31
    ],
    [
      49,
      65
    ],
    [
      53,
      13
    ],
    [
      55,
      23
    ],
    [
      59,
      67
    ],
    [
      61,
      5
    ],
    [
      65,
      49
    ],
    [
      67,
      59
    ],
    [
      71,
      7
    ],
    [
      73,
      41
    ],
    [
      77,
      85
    ],
    [
      79,
      95
    ],
    [
      83,
      43
    ],
    [
      85,
      77
    ],
    [
      89,
      25
    ],
    [
      91,
      35
    ],
    [
      95,
      79
    ]
  ]
}